LOCATION Latitude : ,LOCATION Longitude : ,LOCATION Speed ( Kmh),LOCATION ORIENTATION (Â°),YYYY-MO-DD HH-MI-SS_SSS
42.10507,-87.84013,5.3,200.0,2019-02-26 07:38:10:003
42.10507,-87.84013,8.8,181.7,2019-02-26 07:38:10:504
42.10507,-87.84013,8.8,181.7,2019-02-26 07:38:11:003
42.10507,-87.84013,9.9,177.2,2019-02-26 07:38:11:504
42.10507,-87.84013,9.9,177.2,2019-02-26 07:38:12:003
42.10507,-87.84013,11.1,178.9,2019-02-26 07:38:12:504
42.10507,-87.84013,11.1,178.9,2019-02-26 07:38:13:003
42.10507,-87.84013,11.4,176.6,2019-02-26 07:38:13:503
42.10507,-87.84013,11.4,176.6,2019-02-26 07:38:14:004
42.10507,-87.84013,15.5,174.5,2019-02-26 07:38:14:503
42.10507,-87.84013,15.5,174.5,2019-02-26 07:38:15:004
42.10507,-87.84013,20.6,179.7,2019-02-26 07:38:15:504
42.10507,-87.84013,20.6,179.7,2019-02-26 07:38:16:003
42.10507,-87.84013,21.6,180.3,2019-02-26 07:38:16:504
42.10507,-87.84013,21.6,180.3,2019-02-26 07:38:17:004
42.10507,-87.84013,22.4,185.0,2019-02-26 07:38:17:503
42.10507,-87.84013,22.4,185.0,2019-02-26 07:38:18:004
42.10507,-87.84013,22.8,193.2,2019-02-26 07:38:18:504
42.10507,-87.84013,22.8,193.2,2019-02-26 07:38:19:004
42.10507,-87.84013,24.4,203.8,2019-02-26 07:38:19:503
42.10507,-87.84013,24.4,203.8,2019-02-26 07:38:20:004
42.10507,-87.84013,24.8,214.3,2019-02-26 07:38:20:503
42.10507,-87.84013,24.8,214.3,2019-02-26 07:38:21:004
42.10507,-87.84013,24.8,226.7,2019-02-26 07:38:21:504
42.10507,-87.84013,24.8,226.7,2019-02-26 07:38:22:004
42.10507,-87.84013,22.2,235.6,2019-02-26 07:38:22:504
42.10507,-87.84013,22.2,235.6,2019-02-26 07:38:23:003
42.10507,-87.84013,17.0,237.9,2019-02-26 07:38:23:503
42.10507,-87.84013,17.0,237.9,2019-02-26 07:38:24:006
42.10507,-87.84013,11.5,238.1,2019-02-26 07:38:24:503
42.10507,-87.84013,11.5,238.1,2019-02-26 07:38:25:003
42.10507,-87.84013,6.9,237.7,2019-02-26 07:38:25:503
42.10507,-87.84013,6.9,237.7,2019-02-26 07:38:26:004
42.10507,-87.84013,6.9,237.7,2019-02-26 07:38:26:503
42.10507,-87.84013,6.9,237.7,2019-02-26 07:38:27:004
42.10507,-87.84013,1.8,236.6,2019-02-26 07:38:27:504
42.10507,-87.84013,1.8,236.6,2019-02-26 07:38:28:004
42.10507,-87.84013,3.3,232.6,2019-02-26 07:38:28:503
42.10507,-87.84013,3.3,232.6,2019-02-26 07:38:29:003
42.10507,-87.84013,4.8,232.2,2019-02-26 07:38:29:503
42.10507,-87.84013,4.8,232.2,2019-02-26 07:38:30:004
42.10507,-87.84013,6.7,209.6,2019-02-26 07:38:30:504
42.10507,-87.84013,6.7,209.6,2019-02-26 07:38:31:003
42.10507,-87.84013,8.8,194.0,2019-02-26 07:38:31:504
42.10507,-87.84013,8.8,194.0,2019-02-26 07:38:32:004
42.10507,-87.84013,11.6,179.5,2019-02-26 07:38:32:504
42.10507,-87.84013,11.6,179.5,2019-02-26 07:38:33:004
42.10507,-87.84013,14.7,166.3,2019-02-26 07:38:33:504
42.10507,-87.84013,14.7,166.3,2019-02-26 07:38:34:004
42.10507,-87.84013,18.4,151.4,2019-02-26 07:38:34:503
42.10507,-87.84013,18.4,151.4,2019-02-26 07:38:35:004
42.10507,-87.84013,21.0,142.1,2019-02-26 07:38:35:504
42.10507,-87.84013,21.0,142.1,2019-02-26 07:38:36:004
42.10507,-87.84013,22.2,135.3,2019-02-26 07:38:36:503
42.10507,-87.84013,22.2,135.3,2019-02-26 07:38:37:003
42.10507,-87.84013,23.4,128.5,2019-02-26 07:38:37:503
42.10507,-87.84013,23.4,128.5,2019-02-26 07:38:38:003
42.10507,-87.84013,25.4,122.4,2019-02-26 07:38:38:503
42.10507,-87.84013,25.4,122.4,2019-02-26 07:38:39:004
42.10507,-87.84013,27.1,117.8,2019-02-26 07:38:39:504
42.10507,-87.84013,27.1,117.8,2019-02-26 07:38:40:004
42.10507,-87.84013,27.6,107.7,2019-02-26 07:38:40:503
42.10507,-87.84013,27.6,107.7,2019-02-26 07:38:41:003
42.10507,-87.84013,26.3,103.9,2019-02-26 07:38:41:504
42.10507,-87.84013,26.3,103.9,2019-02-26 07:38:42:003
42.10507,-87.84013,25.3,99.6,2019-02-26 07:38:42:503
42.10507,-87.84013,25.3,99.6,2019-02-26 07:38:43:003
42.10507,-87.84013,20.8,95.8,2019-02-26 07:38:43:504
42.10507,-87.84013,20.8,95.8,2019-02-26 07:38:44:004
42.10507,-87.84013,17.2,93.1,2019-02-26 07:38:44:503
42.10507,-87.84013,17.2,93.1,2019-02-26 07:38:45:006
42.10507,-87.84013,14.0,94.3,2019-02-26 07:38:45:504
42.10507,-87.84013,14.0,94.3,2019-02-26 07:38:46:003
42.10507,-87.84013,12.3,94.0,2019-02-26 07:38:46:504
42.10507,-87.84013,12.3,94.0,2019-02-26 07:38:47:003
42.10507,-87.84013,11.2,95.9,2019-02-26 07:38:47:504
42.10507,-87.84013,11.2,95.9,2019-02-26 07:38:48:003
42.10507,-87.84013,8.1,94.4,2019-02-26 07:38:48:503
42.10507,-87.84013,8.1,94.4,2019-02-26 07:38:49:003
42.10507,-87.84013,9.1,93.0,2019-02-26 07:38:49:503
42.10507,-87.84013,9.1,93.0,2019-02-26 07:38:50:004
42.10507,-87.84013,8.5,101.0,2019-02-26 07:38:50:503
42.10507,-87.84013,8.5,101.0,2019-02-26 07:38:51:004
42.10507,-87.84013,8.5,81.4,2019-02-26 07:38:51:504
42.10507,-87.84013,8.5,81.4,2019-02-26 07:38:52:003
42.10507,-87.84013,9.9,72.7,2019-02-26 07:38:52:504
42.10507,-87.84013,9.9,72.7,2019-02-26 07:38:53:004
42.10507,-87.84013,13.4,60.0,2019-02-26 07:38:53:503
42.10507,-87.84013,13.4,60.0,2019-02-26 07:38:54:003
42.10507,-87.84013,17.9,35.2,2019-02-26 07:38:54:504
42.10507,-87.84013,17.9,35.2,2019-02-26 07:38:55:003
42.10507,-87.84013,19.7,21.8,2019-02-26 07:38:55:503
42.10507,-87.84013,19.7,21.8,2019-02-26 07:38:56:004
42.10507,-87.84013,23.5,9.9,2019-02-26 07:38:56:504
42.10507,-87.84013,23.5,9.9,2019-02-26 07:38:57:003
42.10507,-87.84013,26.0,6.7,2019-02-26 07:38:57:504
42.10507,-87.84013,26.0,6.7,2019-02-26 07:38:58:004
42.10507,-87.84013,28.4,4.7,2019-02-26 07:38:58:503
42.10507,-87.84013,28.4,4.7,2019-02-26 07:38:59:004
42.10507,-87.84013,32.1,2.6,2019-02-26 07:38:59:503
42.10507,-87.84013,32.1,2.6,2019-02-26 07:39:00:003
42.10507,-87.84013,34.6,1.5,2019-02-26 07:39:00:503
42.10507,-87.84013,34.6,1.5,2019-02-26 07:39:01:003
42.10507,-87.84013,36.6,1.6,2019-02-26 07:39:01:503
42.10507,-87.84013,36.6,1.6,2019-02-26 07:39:02:003
42.10507,-87.84013,38.1,0.8,2019-02-26 07:39:02:504
42.10507,-87.84013,38.1,0.8,2019-02-26 07:39:03:003
42.10507,-87.84013,38.3,359.9,2019-02-26 07:39:03:503
42.10507,-87.84013,38.3,359.9,2019-02-26 07:39:04:004
42.10507,-87.84013,37.8,0.4,2019-02-26 07:39:04:503
42.10507,-87.84013,37.8,0.4,2019-02-26 07:39:05:004
42.10507,-87.84013,36.8,0.2,2019-02-26 07:39:05:503
42.10507,-87.84013,36.8,0.2,2019-02-26 07:39:06:005
42.10507,-87.84013,33.3,0.2,2019-02-26 07:39:06:503
42.10507,-87.84013,33.3,0.2,2019-02-26 07:39:07:003
42.10507,-87.84013,28.8,0.8,2019-02-26 07:39:07:504
42.10507,-87.84013,28.8,0.8,2019-02-26 07:39:08:004
42.10507,-87.84013,26.2,359.0,2019-02-26 07:39:08:503
42.10507,-87.84013,26.2,359.0,2019-02-26 07:39:09:003
42.10507,-87.84013,21.3,357.9,2019-02-26 07:39:09:503
42.10507,-87.84013,21.3,357.9,2019-02-26 07:39:10:004
42.10507,-87.84013,12.4,0.5,2019-02-26 07:39:10:503
42.10507,-87.84013,12.4,0.5,2019-02-26 07:39:11:003
42.10507,-87.84013,7.8,1.7,2019-02-26 07:39:11:503
42.10507,-87.84013,7.8,1.7,2019-02-26 07:39:12:003
42.10507,-87.84013,4.8,1.8,2019-02-26 07:39:12:505
42.10507,-87.84013,4.8,1.8,2019-02-26 07:39:13:004
42.10507,-87.84013,4.8,1.8,2019-02-26 07:39:13:503
42.10507,-87.84013,4.8,1.8,2019-02-26 07:39:14:003
42.10507,-87.84013,4.8,1.8,2019-02-26 07:39:14:504
42.10507,-87.84013,4.8,1.8,2019-02-26 07:39:15:003
42.10507,-87.84013,0.0,,2019-02-26 07:39:15:505
42.10507,-87.84013,0.0,,2019-02-26 07:39:16:003
42.10507,-87.84013,0.0,,2019-02-26 07:39:16:503
42.10507,-87.84013,0.0,,2019-02-26 07:39:17:004
42.10507,-87.84013,0.0,,2019-02-26 07:39:17:503
42.10507,-87.84013,0.0,,2019-02-26 07:39:18:003
42.10507,-87.84013,0.0,,2019-02-26 07:39:18:503
42.10507,-87.84013,0.0,,2019-02-26 07:39:19:004
42.10507,-87.84013,0.0,,2019-02-26 07:39:19:503
42.10507,-87.84013,0.0,,2019-02-26 07:39:20:004
42.10507,-87.84013,0.0,,2019-02-26 07:39:20:504
42.10507,-87.84013,0.0,,2019-02-26 07:39:21:004
42.10507,-87.84013,0.0,,2019-02-26 07:39:21:504
42.10507,-87.84013,0.0,,2019-02-26 07:39:22:004
42.10507,-87.84013,0.0,,2019-02-26 07:39:22:504
42.10507,-87.84013,0.0,,2019-02-26 07:39:23:003
42.10507,-87.84013,0.0,,2019-02-26 07:39:23:504
42.10507,-87.84013,0.0,,2019-02-26 07:39:24:004
42.10507,-87.84013,0.0,,2019-02-26 07:39:24:503
42.10507,-87.84013,0.0,,2019-02-26 07:39:25:003
42.10507,-87.84013,0.0,,2019-02-26 07:39:25:503
42.10507,-87.84013,0.0,,2019-02-26 07:39:26:004
42.10507,-87.84013,0.0,,2019-02-26 07:39:26:503
42.10507,-87.84013,0.0,,2019-02-26 07:39:27:004
42.10507,-87.84013,0.0,,2019-02-26 07:39:27:503
42.10507,-87.84013,0.0,,2019-02-26 07:39:28:004
42.10507,-87.84013,0.0,,2019-02-26 07:39:28:503
42.10507,-87.84013,0.0,,2019-02-26 07:39:29:003
42.10507,-87.84013,0.0,,2019-02-26 07:39:29:504
42.10507,-87.84013,0.0,,2019-02-26 07:39:30:003
42.10507,-87.84013,0.0,,2019-02-26 07:39:30:503
42.10507,-87.84013,0.0,,2019-02-26 07:39:31:004
42.10507,-87.84013,0.0,,2019-02-26 07:39:31:504
42.10507,-87.84013,0.0,,2019-02-26 07:39:32:003
42.10507,-87.84013,0.0,,2019-02-26 07:39:32:503
42.10507,-87.84013,0.0,,2019-02-26 07:39:33:003
42.10507,-87.84013,0.0,,2019-02-26 07:39:33:504
42.10507,-87.84013,0.0,,2019-02-26 07:39:34:003
42.10507,-87.84013,0.0,,2019-02-26 07:39:34:503
42.10507,-87.84013,0.0,,2019-02-26 07:39:35:004
42.10507,-87.84013,0.0,,2019-02-26 07:39:35:503
42.10507,-87.84013,0.0,,2019-02-26 07:39:36:004
42.10507,-87.84013,2.4,358.3,2019-02-26 07:39:36:503
42.10507,-87.84013,2.4,358.3,2019-02-26 07:39:37:003
42.10507,-87.84013,3.2,358.3,2019-02-26 07:39:37:504
42.10507,-87.84013,3.2,358.3,2019-02-26 07:39:38:003
42.10507,-87.84013,3.7,358.3,2019-02-26 07:39:38:504
42.10507,-87.84013,3.7,358.3,2019-02-26 07:39:39:003
42.10507,-87.84013,5.0,358.3,2019-02-26 07:39:39:504
42.10507,-87.84013,5.0,358.3,2019-02-26 07:39:40:003
42.10507,-87.84013,9.0,9.0,2019-02-26 07:39:40:504
42.10507,-87.84013,9.0,9.0,2019-02-26 07:39:41:003
42.10507,-87.84013,15.2,1.4,2019-02-26 07:39:41:503
42.10507,-87.84013,15.2,1.4,2019-02-26 07:39:42:004
42.10507,-87.84013,19.9,0.6,2019-02-26 07:39:42:503
42.10507,-87.84013,19.9,0.6,2019-02-26 07:39:43:003
42.10507,-87.84013,22.5,0.9,2019-02-26 07:39:43:504
42.10507,-87.84013,22.5,0.9,2019-02-26 07:39:44:003
42.10507,-87.84013,22.8,2.4,2019-02-26 07:39:44:503
42.10507,-87.84013,22.8,2.4,2019-02-26 07:39:45:004
42.10507,-87.84013,18.3,17.4,2019-02-26 07:39:45:503
42.10507,-87.84013,18.3,17.4,2019-02-26 07:39:46:003
42.10507,-87.84013,18.5,31.9,2019-02-26 07:39:46:504
42.10507,-87.84013,18.5,31.9,2019-02-26 07:39:47:003
42.10507,-87.84013,22.6,71.2,2019-02-26 07:39:47:503
42.10507,-87.84013,22.6,71.2,2019-02-26 07:39:48:004
42.10507,-87.84013,27.5,84.5,2019-02-26 07:39:48:504
42.10507,-87.84013,27.5,84.5,2019-02-26 07:39:49:003
42.10507,-87.84013,34.6,88.6,2019-02-26 07:39:49:503
42.10507,-87.84013,34.6,88.6,2019-02-26 07:39:50:003
42.10507,-87.84013,40.9,90.3,2019-02-26 07:39:50:504
42.10507,-87.84013,40.9,90.3,2019-02-26 07:39:51:003
42.10507,-87.84013,45.5,90.5,2019-02-26 07:39:51:503
42.10507,-87.84013,45.5,90.5,2019-02-26 07:39:52:003
42.10507,-87.84013,49.8,90.3,2019-02-26 07:39:52:504
42.10507,-87.84013,49.8,90.3,2019-02-26 07:39:53:004
42.10507,-87.84013,52.8,90.0,2019-02-26 07:39:53:503
42.10507,-87.84013,52.8,90.0,2019-02-26 07:39:54:005
42.10507,-87.84013,55.3,90.1,2019-02-26 07:39:54:504
42.10507,-87.84013,55.3,90.1,2019-02-26 07:39:55:004
42.10507,-87.84013,57.6,90.2,2019-02-26 07:39:55:504
42.10507,-87.84013,57.6,90.2,2019-02-26 07:39:56:003
42.10507,-87.84013,59.9,90.6,2019-02-26 07:39:56:503
42.10507,-87.84013,59.9,90.6,2019-02-26 07:39:57:004
42.10507,-87.84013,61.6,90.7,2019-02-26 07:39:57:504
42.10507,-87.84013,61.6,90.7,2019-02-26 07:39:58:003
42.10507,-87.84013,63.4,90.2,2019-02-26 07:39:58:503
42.10507,-87.84013,63.4,90.2,2019-02-26 07:39:59:004
42.10507,-87.84013,64.6,90.5,2019-02-26 07:39:59:503
42.10507,-87.84013,64.6,90.5,2019-02-26 07:40:00:003
42.10507,-87.84013,66.0,90.6,2019-02-26 07:40:00:504
42.10507,-87.84013,66.0,90.6,2019-02-26 07:40:01:003
42.10507,-87.84013,67.5,90.4,2019-02-26 07:40:01:503
42.10507,-87.84013,67.5,90.4,2019-02-26 07:40:02:003
42.10507,-87.84013,69.0,90.5,2019-02-26 07:40:02:503
42.10507,-87.84013,69.0,90.5,2019-02-26 07:40:03:003
42.10507,-87.84013,70.4,90.5,2019-02-26 07:40:03:503
42.10507,-87.84013,70.4,90.5,2019-02-26 07:40:04:003
42.10507,-87.84013,71.8,90.5,2019-02-26 07:40:04:504
42.10507,-87.84013,71.8,90.5,2019-02-26 07:40:05:004
42.10507,-87.84013,73.0,90.6,2019-02-26 07:40:05:504
42.10507,-87.84013,73.0,90.6,2019-02-26 07:40:06:004
42.10507,-87.84013,74.3,90.7,2019-02-26 07:40:06:503
42.10507,-87.84013,74.3,90.7,2019-02-26 07:40:07:004
42.10507,-87.84013,75.9,90.4,2019-02-26 07:40:07:503
42.10507,-87.84013,75.9,90.4,2019-02-26 07:40:08:004
42.10507,-87.84013,77.0,90.4,2019-02-26 07:40:08:503
42.10507,-87.84013,77.0,90.4,2019-02-26 07:40:09:004
42.10507,-87.84013,77.0,90.3,2019-02-26 07:40:09:503
42.10507,-87.84013,77.0,90.3,2019-02-26 07:40:10:003
42.10507,-87.84013,75.9,90.4,2019-02-26 07:40:10:504
42.10507,-87.84013,75.9,90.4,2019-02-26 07:40:11:003
42.10507,-87.84013,75.2,90.2,2019-02-26 07:40:11:503
42.10507,-87.84013,75.2,90.2,2019-02-26 07:40:12:004
42.10507,-87.84013,74.5,90.3,2019-02-26 07:40:12:504
42.10507,-87.84013,74.5,90.3,2019-02-26 07:40:13:003
42.10507,-87.84013,74.2,90.4,2019-02-26 07:40:13:504
42.10507,-87.84013,74.2,90.4,2019-02-26 07:40:14:004
42.10507,-87.84013,73.8,90.4,2019-02-26 07:40:14:503
42.10507,-87.84013,73.8,90.4,2019-02-26 07:40:15:004
42.10507,-87.84013,73.3,90.4,2019-02-26 07:40:15:504
42.10507,-87.84013,73.3,90.4,2019-02-26 07:40:16:004
42.10507,-87.84013,72.4,90.6,2019-02-26 07:40:16:504
42.10507,-87.84013,72.4,90.6,2019-02-26 07:40:17:003
42.10507,-87.84013,71.2,90.7,2019-02-26 07:40:17:503
42.10507,-87.84013,71.2,90.7,2019-02-26 07:40:18:003
42.10507,-87.84013,70.6,90.4,2019-02-26 07:40:18:503
42.10507,-87.84013,70.6,90.4,2019-02-26 07:40:19:005
42.10507,-87.84013,70.4,90.6,2019-02-26 07:40:19:503
42.10507,-87.84013,70.4,90.6,2019-02-26 07:40:20:004
42.10507,-87.84013,70.8,90.5,2019-02-26 07:40:20:504
42.10507,-87.84013,70.8,90.5,2019-02-26 07:40:21:004
42.10507,-87.84013,70.3,90.6,2019-02-26 07:40:21:503
42.10507,-87.84013,70.3,90.6,2019-02-26 07:40:22:004
42.10507,-87.84013,69.6,90.5,2019-02-26 07:40:22:503
42.10507,-87.84013,69.6,90.5,2019-02-26 07:40:23:004
42.10507,-87.84013,68.7,90.2,2019-02-26 07:40:23:503
42.10507,-87.84013,68.7,90.2,2019-02-26 07:40:24:004
42.10507,-87.84013,68.1,89.6,2019-02-26 07:40:24:504
42.10507,-87.84013,68.1,89.6,2019-02-26 07:40:25:004
42.10507,-87.84013,66.1,88.7,2019-02-26 07:40:25:503
42.10507,-87.84013,66.1,88.7,2019-02-26 07:40:26:003
42.10507,-87.84013,61.5,87.8,2019-02-26 07:40:26:503
42.10507,-87.84013,61.5,87.8,2019-02-26 07:40:27:004
42.10507,-87.84013,55.3,87.8,2019-02-26 07:40:27:504
42.10507,-87.84013,55.3,87.8,2019-02-26 07:40:28:003
42.10507,-87.84013,48.1,88.9,2019-02-26 07:40:28:503
42.10507,-87.84013,48.1,88.9,2019-02-26 07:40:29:004
42.10507,-87.84013,39.6,90.3,2019-02-26 07:40:29:504
42.10507,-87.84013,39.6,90.3,2019-02-26 07:40:30:004
42.10507,-87.84013,30.2,90.6,2019-02-26 07:40:30:504
42.10507,-87.84013,30.2,90.6,2019-02-26 07:40:31:003
42.10507,-87.84013,21.5,90.6,2019-02-26 07:40:31:504
42.10507,-87.84013,21.5,90.6,2019-02-26 07:40:32:003
42.10507,-87.84013,14.1,90.9,2019-02-26 07:40:32:503
42.10507,-87.84013,14.1,90.9,2019-02-26 07:40:33:003
42.10507,-87.84013,9.3,91.1,2019-02-26 07:40:33:503
42.10507,-87.84013,9.3,91.1,2019-02-26 07:40:34:003
42.10507,-87.84013,5.4,91.2,2019-02-26 07:40:34:503
42.10507,-87.84013,5.4,91.2,2019-02-26 07:40:35:004
42.10507,-87.84013,5.4,91.2,2019-02-26 07:40:35:503
42.10507,-87.84013,5.4,91.2,2019-02-26 07:40:36:003
42.10507,-87.84013,0.0,,2019-02-26 07:40:36:504
42.10507,-87.84013,0.0,,2019-02-26 07:40:37:003
42.10507,-87.84013,0.0,,2019-02-26 07:40:37:504
42.10507,-87.84013,0.0,,2019-02-26 07:40:38:004
42.10507,-87.84013,0.0,,2019-02-26 07:40:38:503
42.10507,-87.84013,0.0,,2019-02-26 07:40:39:004
42.10507,-87.84013,0.0,,2019-02-26 07:40:39:503
42.10507,-87.84013,0.0,,2019-02-26 07:40:40:003
42.10507,-87.84013,0.0,,2019-02-26 07:40:40:503
42.10507,-87.84013,0.0,,2019-02-26 07:40:41:004
42.10507,-87.84013,0.0,,2019-02-26 07:40:41:503
42.10507,-87.84013,0.0,,2019-02-26 07:40:42:004
42.10507,-87.84013,0.0,,2019-02-26 07:40:42:503
42.10507,-87.84013,0.0,,2019-02-26 07:40:43:004
42.10507,-87.84013,0.0,,2019-02-26 07:40:43:503
42.10507,-87.84013,0.0,,2019-02-26 07:40:44:004
42.10507,-87.84013,0.0,,2019-02-26 07:40:44:504
42.10507,-87.84013,0.0,,2019-02-26 07:40:45:003
42.10507,-87.84013,0.0,,2019-02-26 07:40:45:504
42.10507,-87.84013,0.0,,2019-02-26 07:40:46:003
42.10507,-87.84013,0.0,,2019-02-26 07:40:46:503
42.10507,-87.84013,0.0,,2019-02-26 07:40:47:004
42.10507,-87.84013,0.0,,2019-02-26 07:40:47:503
42.10507,-87.84013,0.0,,2019-02-26 07:40:48:004
42.10507,-87.84013,0.0,,2019-02-26 07:40:48:503
42.10507,-87.84013,0.0,,2019-02-26 07:40:49:003
42.10507,-87.84013,0.0,,2019-02-26 07:40:49:503
42.10507,-87.84013,0.0,,2019-02-26 07:40:50:003
42.10507,-87.84013,0.0,,2019-02-26 07:40:50:504
42.10507,-87.84013,0.0,,2019-02-26 07:40:51:003
42.10507,-87.84013,0.0,,2019-02-26 07:40:51:504
42.10507,-87.84013,0.0,,2019-02-26 07:40:52:003
42.10507,-87.84013,0.0,,2019-02-26 07:40:52:504
42.10507,-87.84013,0.0,,2019-02-26 07:40:53:003
42.10507,-87.84013,0.0,,2019-02-26 07:40:53:504
42.10507,-87.84013,0.0,,2019-02-26 07:40:54:004
42.10507,-87.84013,0.0,,2019-02-26 07:40:54:503
42.10507,-87.84013,0.0,,2019-02-26 07:40:55:003
42.10507,-87.84013,0.0,,2019-02-26 07:40:55:503
42.10507,-87.84013,0.0,,2019-02-26 07:40:56:003
42.10507,-87.84013,0.0,,2019-02-26 07:40:56:504
42.10507,-87.84013,0.0,,2019-02-26 07:40:57:003
42.10507,-87.84013,0.0,,2019-02-26 07:40:57:503
42.10507,-87.84013,0.0,,2019-02-26 07:40:58:004
42.10507,-87.84013,0.0,,2019-02-26 07:40:58:504
42.10507,-87.84013,0.0,,2019-02-26 07:40:59:004
42.10507,-87.84013,0.0,,2019-02-26 07:40:59:503
42.10507,-87.84013,0.0,,2019-02-26 07:41:00:003
42.10507,-87.84013,0.0,,2019-02-26 07:41:00:504
42.10507,-87.84013,0.0,,2019-02-26 07:41:01:005
42.10507,-87.84013,0.0,,2019-02-26 07:41:01:503
42.10507,-87.84013,0.0,,2019-02-26 07:41:02:004
42.10507,-87.84013,0.0,,2019-02-26 07:41:02:504
42.10507,-87.84013,0.0,,2019-02-26 07:41:03:004
42.10507,-87.84013,0.0,,2019-02-26 07:41:03:503
42.10507,-87.84013,0.0,,2019-02-26 07:41:04:004
42.10507,-87.84013,0.0,,2019-02-26 07:41:04:503
42.10507,-87.84013,0.0,,2019-02-26 07:41:05:003
42.10507,-87.84013,0.0,,2019-02-26 07:41:05:504
42.10507,-87.84013,0.0,,2019-02-26 07:41:06:003
42.10507,-87.84013,0.0,,2019-02-26 07:41:06:503
42.10507,-87.84013,0.0,,2019-02-26 07:41:07:004
42.10507,-87.84013,0.0,,2019-02-26 07:41:07:503
42.10507,-87.84013,0.0,,2019-02-26 07:41:08:003
42.10507,-87.84013,0.0,,2019-02-26 07:41:08:503
42.10507,-87.84013,0.0,,2019-02-26 07:41:09:003
42.10507,-87.84013,6.2,90.0,2019-02-26 07:41:09:503
42.10507,-87.84013,6.2,90.0,2019-02-26 07:41:10:004
42.10507,-87.84013,11.8,89.7,2019-02-26 07:41:10:504
42.10507,-87.84013,11.8,89.7,2019-02-26 07:41:11:004
42.10507,-87.84013,16.7,88.6,2019-02-26 07:41:11:503
42.10507,-87.84013,16.7,88.6,2019-02-26 07:41:12:004
42.10507,-87.84013,18.7,86.1,2019-02-26 07:41:12:503
42.10507,-87.84013,18.7,86.1,2019-02-26 07:41:13:004
42.10507,-87.84013,23.7,75.2,2019-02-26 07:41:13:503
42.10507,-87.84013,23.7,75.2,2019-02-26 07:41:14:003
42.10507,-87.84013,25.5,59.9,2019-02-26 07:41:14:504
42.10507,-87.84013,25.5,59.9,2019-02-26 07:41:15:004
42.10507,-87.84013,25.1,39.4,2019-02-26 07:41:15:504
42.10507,-87.84013,25.1,39.4,2019-02-26 07:41:16:004
42.10507,-87.84013,28.3,15.7,2019-02-26 07:41:16:503
42.10507,-87.84013,28.3,15.7,2019-02-26 07:41:17:004
42.10507,-87.84013,31.3,4.4,2019-02-26 07:41:17:504
42.10507,-87.84013,31.3,4.4,2019-02-26 07:41:18:004
42.10507,-87.84013,31.3,4.4,2019-02-26 07:41:18:503
42.10507,-87.84013,32.5,4.5,2019-02-26 07:41:19:005
42.10507,-87.84013,42.9,359.6,2019-02-26 07:41:19:503
42.10507,-87.84013,42.9,359.6,2019-02-26 07:41:20:004
42.10507,-87.84013,47.8,359.0,2019-02-26 07:41:20:504
42.10507,-87.84013,47.8,359.0,2019-02-26 07:41:21:004
42.10507,-87.84013,51.4,358.5,2019-02-26 07:41:21:503
42.10507,-87.84013,51.4,358.5,2019-02-26 07:41:22:004
42.10507,-87.84013,53.2,358.2,2019-02-26 07:41:22:504
42.10507,-87.84013,53.2,358.2,2019-02-26 07:41:23:004
42.10507,-87.84013,54.6,358.9,2019-02-26 07:41:23:503
42.10507,-87.84013,54.6,358.9,2019-02-26 07:41:24:004
42.10507,-87.84013,56.3,359.6,2019-02-26 07:41:24:503
42.10507,-87.84013,56.3,359.6,2019-02-26 07:41:25:003
42.10507,-87.84013,55.1,358.5,2019-02-26 07:41:25:504
42.10507,-87.84013,55.1,358.5,2019-02-26 07:41:26:004
42.10507,-87.84013,58.5,0.0,2019-02-26 07:41:26:504
42.10507,-87.84013,58.5,0.0,2019-02-26 07:41:27:004
42.10507,-87.84013,59.1,0.5,2019-02-26 07:41:27:503
42.10507,-87.84013,59.1,0.5,2019-02-26 07:41:28:003
42.10507,-87.84013,58.6,0.8,2019-02-26 07:41:28:503
42.10507,-87.84013,58.6,0.8,2019-02-26 07:41:29:004
42.10507,-87.84013,58.1,0.5,2019-02-26 07:41:29:503
42.10507,-87.84013,58.1,0.5,2019-02-26 07:41:30:004
42.10507,-87.84013,57.8,0.3,2019-02-26 07:41:30:504
42.10507,-87.84013,57.8,0.3,2019-02-26 07:41:31:004
42.10507,-87.84013,57.5,0.1,2019-02-26 07:41:31:503
42.10507,-87.84013,57.5,0.1,2019-02-26 07:41:32:006
42.10507,-87.84013,57.3,0.1,2019-02-26 07:41:32:504
42.10507,-87.84013,57.3,0.1,2019-02-26 07:41:33:003
42.10507,-87.84013,57.0,359.9,2019-02-26 07:41:33:504
42.10507,-87.84013,57.0,359.9,2019-02-26 07:41:34:003
42.10507,-87.84013,56.1,359.5,2019-02-26 07:41:34:503
42.10507,-87.84013,56.1,359.5,2019-02-26 07:41:35:004
42.10507,-87.84013,55.2,359.5,2019-02-26 07:41:35:504
42.10507,-87.84013,55.2,359.5,2019-02-26 07:41:36:004
42.10507,-87.84013,52.7,359.1,2019-02-26 07:41:36:503
42.10507,-87.84013,52.7,359.1,2019-02-26 07:41:37:004
42.10507,-87.84013,48.3,358.2,2019-02-26 07:41:37:503
42.10507,-87.84013,48.3,358.2,2019-02-26 07:41:38:003
42.10507,-87.84013,44.9,357.8,2019-02-26 07:41:38:504
42.10507,-87.84013,44.9,357.8,2019-02-26 07:41:39:004
42.10507,-87.84013,35.6,355.0,2019-02-26 07:41:39:503
42.10507,-87.84013,35.6,355.0,2019-02-26 07:41:40:004
42.10507,-87.84013,30.6,353.6,2019-02-26 07:41:40:503
42.10507,-87.84013,30.6,353.6,2019-02-26 07:41:41:004
42.10507,-87.84013,26.9,354.3,2019-02-26 07:41:41:503
42.10507,-87.84013,26.9,354.3,2019-02-26 07:41:42:004
42.10507,-87.84013,23.4,356.0,2019-02-26 07:41:42:503
42.10507,-87.84013,23.4,356.0,2019-02-26 07:41:43:005
42.10507,-87.84013,18.9,358.3,2019-02-26 07:41:43:504
42.10507,-87.84013,18.9,358.3,2019-02-26 07:41:44:004
42.10507,-87.84013,14.7,358.5,2019-02-26 07:41:44:504
42.10507,-87.84013,14.7,358.5,2019-02-26 07:41:45:004
42.10507,-87.84013,10.5,359.2,2019-02-26 07:41:45:503
42.10507,-87.84013,10.5,359.2,2019-02-26 07:41:46:003
42.10507,-87.84013,8.6,0.2,2019-02-26 07:41:46:504
42.10507,-87.84013,8.6,0.2,2019-02-26 07:41:47:003
42.10507,-87.84013,7.9,1.0,2019-02-26 07:41:47:504
42.10507,-87.84013,7.9,1.0,2019-02-26 07:41:48:004
42.10507,-87.84013,6.0,1.0,2019-02-26 07:41:48:503
42.10507,-87.84013,6.0,1.0,2019-02-26 07:41:49:003
42.10507,-87.84013,4.2,0.0,2019-02-26 07:41:49:505
42.10507,-87.84013,4.2,0.0,2019-02-26 07:41:50:003
42.10507,-87.84013,4.2,0.0,2019-02-26 07:41:50:503
42.10507,-87.84013,4.2,0.0,2019-02-26 07:41:51:004
42.10507,-87.84013,4.2,0.0,2019-02-26 07:41:51:503
42.10507,-87.84013,4.2,0.0,2019-02-26 07:41:52:004
42.10507,-87.84013,4.2,0.0,2019-02-26 07:41:52:503
42.10507,-87.84013,4.2,0.0,2019-02-26 07:41:53:004
42.10507,-87.84013,4.2,0.0,2019-02-26 07:41:53:503
42.10507,-87.84013,4.2,0.0,2019-02-26 07:41:54:004
42.10507,-87.84013,4.2,0.0,2019-02-26 07:41:54:503
42.10507,-87.84013,4.2,0.0,2019-02-26 07:41:55:003
42.10507,-87.84013,4.2,0.0,2019-02-26 07:41:55:503
42.10507,-87.84013,4.2,0.0,2019-02-26 07:41:56:004
42.10507,-87.84013,1.7,0.0,2019-02-26 07:41:56:504
42.10507,-87.84013,1.7,0.0,2019-02-26 07:41:57:004
42.10507,-87.84013,1.7,0.0,2019-02-26 07:41:57:504
42.10507,-87.84013,1.7,0.0,2019-02-26 07:41:58:004
42.10507,-87.84013,4.6,0.1,2019-02-26 07:41:58:504
42.10507,-87.84013,4.6,0.1,2019-02-26 07:41:59:004
42.10507,-87.84013,5.8,359.8,2019-02-26 07:41:59:503
42.10507,-87.84013,5.8,359.8,2019-02-26 07:42:00:004
42.10507,-87.84013,5.4,359.8,2019-02-26 07:42:00:505
42.10507,-87.84013,5.4,359.8,2019-02-26 07:42:01:004
42.10507,-87.84013,3.2,359.8,2019-02-26 07:42:01:504
42.10507,-87.84013,3.2,359.8,2019-02-26 07:42:02:003
42.10507,-87.84013,3.3,355.5,2019-02-26 07:42:02:504
42.10507,-87.84013,3.3,355.5,2019-02-26 07:42:03:003
42.10507,-87.84013,5.5,355.5,2019-02-26 07:42:03:503
42.10507,-87.84013,5.5,355.5,2019-02-26 07:42:04:004
42.10507,-87.84013,9.8,330.9,2019-02-26 07:42:04:503
42.10507,-87.84013,9.8,330.9,2019-02-26 07:42:05:004
42.10507,-87.84013,13.2,313.9,2019-02-26 07:42:05:504
42.10507,-87.84013,13.2,313.9,2019-02-26 07:42:06:003
42.10507,-87.84013,14.3,312.4,2019-02-26 07:42:06:503
42.10507,-87.84013,14.3,312.4,2019-02-26 07:42:07:004
42.10507,-87.84013,14.1,300.1,2019-02-26 07:42:07:504
42.10507,-87.84013,14.1,300.1,2019-02-26 07:42:08:003
42.10507,-87.84013,13.4,278.7,2019-02-26 07:42:08:504
42.10507,-87.84013,13.4,278.7,2019-02-26 07:42:09:003
42.10507,-87.84013,11.5,276.4,2019-02-26 07:42:09:503
42.10507,-87.84013,11.5,276.4,2019-02-26 07:42:10:004
42.10507,-87.84013,10.1,273.7,2019-02-26 07:42:10:503
42.10507,-87.84013,10.1,273.7,2019-02-26 07:42:11:003
42.10507,-87.84013,5.8,273.7,2019-02-26 07:42:11:503
42.10507,-87.84013,5.8,273.7,2019-02-26 07:42:12:003
42.10507,-87.84013,1.8,273.6,2019-02-26 07:42:12:504
42.10507,-87.84013,1.8,273.6,2019-02-26 07:42:13:004
42.10507,-87.84013,1.8,273.6,2019-02-26 07:42:13:503
42.10507,-87.84013,1.8,273.6,2019-02-26 07:42:14:003
42.10507,-87.84013,1.8,273.6,2019-02-26 07:42:14:503
42.10507,-87.84013,1.8,273.6,2019-02-26 07:42:15:003
42.10507,-87.84013,3.2,266.0,2019-02-26 07:42:15:503
42.10507,-87.84013,3.2,266.0,2019-02-26 07:42:16:003
42.10507,-87.84013,5.5,266.0,2019-02-26 07:42:16:504
42.10507,-87.84013,5.5,266.0,2019-02-26 07:42:17:003
42.10507,-87.84013,9.7,266.4,2019-02-26 07:42:17:503
42.10507,-87.84013,9.7,266.4,2019-02-26 07:42:18:003
42.10507,-87.84013,14.0,265.8,2019-02-26 07:42:18:503
42.10507,-87.84013,14.0,265.8,2019-02-26 07:42:19:003
42.10507,-87.84013,14.3,265.3,2019-02-26 07:42:19:504
42.10507,-87.84013,14.3,265.3,2019-02-26 07:42:20:003
42.10507,-87.84013,13.8,265.3,2019-02-26 07:42:20:504
42.10507,-87.84013,13.8,265.3,2019-02-26 07:42:21:003
42.10507,-87.84013,12.6,266.4,2019-02-26 07:42:21:503
42.10507,-87.84013,12.6,266.4,2019-02-26 07:42:22:004
42.10507,-87.84013,12.0,269.2,2019-02-26 07:42:22:504
42.10507,-87.84013,12.0,269.2,2019-02-26 07:42:23:004
42.10507,-87.84013,11.7,269.8,2019-02-26 07:42:23:504
42.10507,-87.84013,11.7,269.8,2019-02-26 07:42:24:004
42.10507,-87.84013,11.6,269.9,2019-02-26 07:42:24:503
42.10507,-87.84013,11.6,269.9,2019-02-26 07:42:25:004
42.10507,-87.84013,11.3,272.9,2019-02-26 07:42:25:503
42.10507,-87.84013,11.3,272.9,2019-02-26 07:42:26:003
42.10507,-87.84013,10.9,278.2,2019-02-26 07:42:26:504
42.10507,-87.84013,10.9,278.2,2019-02-26 07:42:27:003
42.10507,-87.84013,10.7,279.4,2019-02-26 07:42:27:504
42.10507,-87.84013,10.7,279.4,2019-02-26 07:42:28:004
42.10507,-87.84013,9.9,279.7,2019-02-26 07:42:28:503
42.10507,-87.84013,9.9,279.7,2019-02-26 07:42:29:004
42.10507,-87.84013,7.3,278.1,2019-02-26 07:42:29:503
42.10507,-87.84013,7.3,278.1,2019-02-26 07:42:30:004
42.10507,-87.84013,5.1,278.0,2019-02-26 07:42:30:503
42.10507,-87.84013,5.1,278.0,2019-02-26 07:42:31:004
42.10507,-87.84013,2.6,278.1,2019-02-26 07:42:31:503
42.10507,-87.84013,2.6,278.1,2019-02-26 07:42:32:004
42.10507,-87.84013,2.6,278.1,2019-02-26 07:42:32:504
42.10507,-87.84013,2.6,278.1,2019-02-26 07:42:33:004
42.10507,-87.84013,0.0,,2019-02-26 07:42:33:503
42.10507,-87.84013,0.0,,2019-02-26 07:42:34:004
42.10507,-87.84013,0.0,,2019-02-26 07:42:34:503
42.10507,-87.84013,0.0,,2019-02-26 07:42:35:003
42.10507,-87.84013,0.0,,2019-02-26 07:42:35:504
42.10507,-87.84013,0.0,,2019-02-26 07:42:36:004
42.10507,-87.84013,0.0,,2019-02-26 07:42:36:503
42.10507,-87.84013,0.0,,2019-02-26 07:42:37:004
42.10507,-87.84013,0.0,,2019-02-26 07:42:37:504
42.10507,-87.84013,0.0,,2019-02-26 07:42:38:004
42.10507,-87.84013,0.0,,2019-02-26 07:42:38:504
42.10507,-87.84013,0.0,,2019-02-26 07:42:39:003
42.10507,-87.84013,0.0,,2019-02-26 07:42:39:504
42.10507,-87.84013,0.0,,2019-02-26 07:42:40:004
42.10507,-87.84013,0.0,,2019-02-26 07:42:40:504
42.10507,-87.84013,0.0,,2019-02-26 07:42:41:004
42.10507,-87.84013,0.0,,2019-02-26 07:42:41:503
42.10507,-87.84013,0.0,,2019-02-26 07:42:42:004
42.10507,-87.84013,0.0,,2019-02-26 07:42:42:504
42.10507,-87.84013,0.0,,2019-02-26 07:42:43:003
42.10507,-87.84013,0.0,,2019-02-26 07:42:43:503
42.10507,-87.84013,0.0,,2019-02-26 07:42:44:003
42.10507,-87.84013,0.0,,2019-02-26 07:42:44:504
42.10507,-87.84013,0.0,,2019-02-26 07:42:45:004
42.10507,-87.84013,0.0,,2019-02-26 07:42:45:503
42.10507,-87.84013,0.0,,2019-02-26 07:42:46:004
42.10507,-87.84013,0.0,,2019-02-26 07:42:46:503
42.10507,-87.84013,0.0,,2019-02-26 07:42:47:003
42.10507,-87.84013,0.0,,2019-02-26 07:42:47:504
42.10507,-87.84013,0.0,,2019-02-26 07:42:48:003
42.10507,-87.84013,0.0,,2019-02-26 07:42:48:503
42.10507,-87.84013,0.0,,2019-02-26 07:42:49:004
42.10507,-87.84013,0.0,,2019-02-26 07:42:49:503
42.10507,-87.84013,0.0,,2019-02-26 07:42:50:004
42.10507,-87.84013,0.0,,2019-02-26 07:42:50:503
42.10507,-87.84013,0.0,,2019-02-26 07:42:51:004
42.10507,-87.84013,0.0,,2019-02-26 07:42:51:503
42.10507,-87.84013,0.0,,2019-02-26 07:42:52:003
42.10507,-87.84013,0.0,,2019-02-26 07:42:52:503
42.10507,-87.84013,0.0,,2019-02-26 07:42:53:003
42.10507,-87.84013,2.5,278.0,2019-02-26 07:42:53:503
42.10507,-87.84013,2.5,278.0,2019-02-26 07:42:54:004
42.10507,-87.84013,5.8,274.8,2019-02-26 07:42:54:503
42.10507,-87.84013,5.8,274.8,2019-02-26 07:42:55:003
42.10507,-87.84013,6.0,274.8,2019-02-26 07:42:55:503
42.10507,-87.84013,6.0,274.8,2019-02-26 07:42:56:005
42.10507,-87.84013,7.3,269.0,2019-02-26 07:42:56:503
42.10507,-87.84013,7.3,269.0,2019-02-26 07:42:57:004
42.10507,-87.84013,10.9,269.3,2019-02-26 07:42:57:503
42.10507,-87.84013,10.9,269.3,2019-02-26 07:42:58:004
42.10507,-87.84013,13.0,270.5,2019-02-26 07:42:58:504
42.10507,-87.84013,13.0,270.5,2019-02-26 07:42:59:004
42.10507,-87.84013,14.4,274.7,2019-02-26 07:42:59:503
42.10507,-87.84013,14.4,274.7,2019-02-26 07:43:00:004
42.10507,-87.84013,15.6,280.5,2019-02-26 07:43:00:504
42.10507,-87.84013,15.6,280.5,2019-02-26 07:43:01:004
42.10507,-87.84013,15.0,285.2,2019-02-26 07:43:01:504
42.10507,-87.84013,15.0,285.2,2019-02-26 07:43:02:003
42.10507,-87.84013,12.4,290.7,2019-02-26 07:43:02:504
42.10507,-87.84013,12.4,290.7,2019-02-26 07:43:03:004
42.10507,-87.84013,8.9,297.6,2019-02-26 07:43:03:503
42.10507,-87.84013,8.9,297.6,2019-02-26 07:43:04:004
42.10507,-87.84013,5.3,297.6,2019-02-26 07:43:04:504
42.10507,-87.84013,5.3,297.6,2019-02-26 07:43:05:003
42.10507,-87.84013,5.3,297.6,2019-02-26 07:43:05:504
42.10507,-87.84013,5.3,297.6,2019-02-26 07:43:06:004
42.10507,-87.84013,0.0,,2019-02-26 07:43:06:504
42.10507,-87.84013,0.0,,2019-02-26 07:43:07:003
42.10507,-87.84013,0.0,,2019-02-26 07:43:07:503
42.10507,-87.84013,0.0,,2019-02-26 07:43:08:003
42.10507,-87.84013,0.0,,2019-02-26 07:43:08:503
42.10507,-87.84013,0.0,,2019-02-26 07:43:09:003
42.10507,-87.84013,0.0,,2019-02-26 07:43:09:503
42.10507,-87.84013,0.0,,2019-02-26 07:43:10:004
42.10507,-87.84013,0.0,,2019-02-26 07:43:10:503
42.10507,-87.84013,0.0,,2019-02-26 07:43:11:004
42.10507,-87.84013,0.0,,2019-02-26 07:43:11:503
42.10507,-87.84013,0.0,,2019-02-26 07:43:12:003
42.10507,-87.84013,0.0,,2019-02-26 07:43:12:503
42.10507,-87.84013,0.0,,2019-02-26 07:43:13:004
42.10507,-87.84013,0.0,,2019-02-26 07:43:13:503
42.10507,-87.84013,0.0,,2019-02-26 07:43:14:004
42.10507,-87.84013,0.0,,2019-02-26 07:43:14:503
42.10507,-87.84013,0.0,,2019-02-26 07:43:15:004
42.10507,-87.84013,0.0,,2019-02-26 07:43:15:503
42.10507,-87.84013,0.0,,2019-02-26 07:43:16:004
42.10507,-87.84013,0.0,,2019-02-26 07:43:16:503
42.10507,-87.84013,0.0,,2019-02-26 07:43:17:004
42.10507,-87.84013,0.0,,2019-02-26 07:43:17:503
42.10507,-87.84013,0.0,,2019-02-26 07:43:18:004
42.10507,-87.84013,0.0,,2019-02-26 07:43:18:503
42.10507,-87.84013,0.0,,2019-02-26 07:43:19:004
42.10507,-87.84013,6.3,281.2,2019-02-26 07:43:19:503
42.10507,-87.84013,6.3,281.2,2019-02-26 07:43:20:004
42.10507,-87.84013,11.9,271.8,2019-02-26 07:43:20:504
42.10507,-87.84013,11.9,271.8,2019-02-26 07:43:21:004
42.10507,-87.84013,16.0,272.7,2019-02-26 07:43:21:503
42.10507,-87.84013,16.0,272.7,2019-02-26 07:43:22:004
42.10507,-87.84013,19.3,264.0,2019-02-26 07:43:22:503
42.10507,-87.84013,19.3,264.0,2019-02-26 07:43:23:004
42.10507,-87.84013,22.0,265.5,2019-02-26 07:43:23:503
42.10507,-87.84013,22.0,265.5,2019-02-26 07:43:24:003
42.10507,-87.84013,25.1,265.9,2019-02-26 07:43:24:504
42.10507,-87.84013,25.1,265.9,2019-02-26 07:43:25:003
42.10507,-87.84013,26.5,266.9,2019-02-26 07:43:25:504
42.10507,-87.84013,26.5,266.9,2019-02-26 07:43:26:004
42.10507,-87.84013,24.8,267.8,2019-02-26 07:43:26:503
42.10507,-87.84013,24.8,267.8,2019-02-26 07:43:27:004
42.10507,-87.84013,18.4,268.6,2019-02-26 07:43:27:508
42.10507,-87.84013,18.4,268.6,2019-02-26 07:43:28:003
42.10507,-87.84013,12.0,267.9,2019-02-26 07:43:28:504
42.10507,-87.84013,12.0,267.9,2019-02-26 07:43:29:003
42.10507,-87.84013,11.7,269.3,2019-02-26 07:43:29:503
42.10507,-87.84013,11.7,269.3,2019-02-26 07:43:30:004
42.10507,-87.84013,16.3,269.2,2019-02-26 07:43:30:503
42.10507,-87.84013,16.3,269.2,2019-02-26 07:43:31:003
42.10507,-87.84013,21.4,269.8,2019-02-26 07:43:31:503
42.10507,-87.84013,21.4,269.8,2019-02-26 07:43:32:003
42.10507,-87.84013,25.5,269.8,2019-02-26 07:43:32:503
42.10507,-87.84013,25.5,269.8,2019-02-26 07:43:33:003
42.10507,-87.84013,25.5,270.3,2019-02-26 07:43:33:503
42.10507,-87.84013,25.5,270.3,2019-02-26 07:43:34:003
42.10507,-87.84013,22.2,270.3,2019-02-26 07:43:34:503
42.10507,-87.84013,22.2,270.3,2019-02-26 07:43:35:004
42.10507,-87.84013,17.3,279.1,2019-02-26 07:43:35:504
42.10507,-87.84013,17.3,279.1,2019-02-26 07:43:36:004
42.10507,-87.84013,15.0,291.7,2019-02-26 07:43:36:503
42.10507,-87.84013,15.0,291.7,2019-02-26 07:43:37:004
42.10507,-87.84013,14.7,323.8,2019-02-26 07:43:37:503
42.10507,-87.84013,14.7,323.8,2019-02-26 07:43:38:003
42.10507,-87.84013,17.1,343.7,2019-02-26 07:43:38:504
42.10507,-87.84013,17.1,343.7,2019-02-26 07:43:39:003
42.10507,-87.84013,17.7,347.9,2019-02-26 07:43:39:506
42.10507,-87.84013,17.7,347.9,2019-02-26 07:43:40:003
42.10507,-87.84013,17.7,347.9,2019-02-26 07:43:40:013
42.10507,-87.84013,20.7,358.9,2019-02-26 07:43:40:512
42.10507,-87.84013,20.7,358.9,2019-02-26 07:43:41:012
42.10507,-87.84013,16.3,1.9,2019-02-26 07:43:41:513
42.10507,-87.84013,16.3,1.9,2019-02-26 07:43:42:013
42.10507,-87.84013,15.4,1.7,2019-02-26 07:43:42:512
42.10507,-87.84013,15.4,1.7,2019-02-26 07:43:43:012
42.10507,-87.84013,18.0,1.6,2019-02-26 07:43:43:513
42.10507,-87.84013,18.0,1.6,2019-02-26 07:43:44:013
42.10507,-87.84013,22.0,359.9,2019-02-26 07:43:44:513
42.10507,-87.84013,22.0,359.9,2019-02-26 07:43:45:013
42.10507,-87.84013,23.9,359.7,2019-02-26 07:43:45:513
42.10507,-87.84013,23.9,359.7,2019-02-26 07:43:46:012
42.10507,-87.84013,21.9,357.4,2019-02-26 07:43:46:512
42.10507,-87.84013,21.9,357.4,2019-02-26 07:43:47:012
42.10507,-87.84013,15.7,356.2,2019-02-26 07:43:47:513
42.10507,-87.84013,15.7,356.2,2019-02-26 07:43:48:013
42.10507,-87.84013,11.9,1.0,2019-02-26 07:43:48:512
42.10507,-87.84013,11.9,1.0,2019-02-26 07:43:49:013
42.10507,-87.84013,8.0,356.8,2019-02-26 07:43:49:513
42.10507,-87.84013,8.0,356.8,2019-02-26 07:43:50:012
42.10507,-87.84013,11.8,357.9,2019-02-26 07:43:50:513
42.10507,-87.84013,11.8,357.9,2019-02-26 07:43:51:012
42.10507,-87.84013,13.9,357.2,2019-02-26 07:43:51:512
42.10507,-87.84013,13.9,357.2,2019-02-26 07:43:52:013
42.10507,-87.84013,11.8,357.1,2019-02-26 07:43:52:513
42.10507,-87.84013,11.8,357.1,2019-02-26 07:43:53:013
42.10507,-87.84013,8.7,356.4,2019-02-26 07:43:53:512
42.10507,-87.84013,8.7,356.4,2019-02-26 07:43:54:013
42.10507,-87.84013,6.2,356.9,2019-02-26 07:43:54:513
42.10507,-87.84013,6.2,356.9,2019-02-26 07:43:55:012
42.10507,-87.84013,7.8,352.3,2019-02-26 07:43:55:512
42.10507,-87.84013,7.8,352.3,2019-02-26 07:43:56:013
42.10507,-87.84013,10.5,334.1,2019-02-26 07:43:56:512
42.10507,-87.84013,10.5,334.1,2019-02-26 07:43:57:012
42.10507,-87.84013,13.7,318.2,2019-02-26 07:43:57:513
42.10507,-87.84013,13.7,318.2,2019-02-26 07:43:58:013
42.10507,-87.84013,16.1,302.2,2019-02-26 07:43:58:512
42.10507,-87.84013,16.1,302.2,2019-02-26 07:43:59:012
42.10507,-87.84013,19.0,282.2,2019-02-26 07:43:59:512
42.10507,-87.84013,19.0,282.2,2019-02-26 07:44:00:012
42.10507,-87.84013,21.7,275.6,2019-02-26 07:44:00:513
42.10507,-87.84013,21.7,275.6,2019-02-26 07:44:01:013
42.10507,-87.84013,24.6,272.9,2019-02-26 07:44:01:512
42.10507,-87.84013,24.6,272.9,2019-02-26 07:44:02:012
42.10507,-87.84013,27.9,272.8,2019-02-26 07:44:02:513
42.10507,-87.84013,27.9,272.8,2019-02-26 07:44:03:012
42.10507,-87.84013,30.2,272.2,2019-02-26 07:44:03:513
42.10507,-87.84013,30.2,272.2,2019-02-26 07:44:04:012
42.10507,-87.84013,32.4,271.4,2019-02-26 07:44:04:513
42.10507,-87.84013,32.4,271.4,2019-02-26 07:44:05:013
42.10507,-87.84013,34.7,270.6,2019-02-26 07:44:05:513
42.10507,-87.84013,34.7,270.6,2019-02-26 07:44:06:013
42.10507,-87.84013,35.9,270.3,2019-02-26 07:44:06:512
42.10507,-87.84013,35.9,270.3,2019-02-26 07:44:07:013
42.10507,-87.84013,35.3,270.3,2019-02-26 07:44:07:513
42.10507,-87.84013,35.3,270.3,2019-02-26 07:44:08:013
42.10507,-87.84013,34.3,270.8,2019-02-26 07:44:08:513
42.10507,-87.84013,34.3,270.8,2019-02-26 07:44:09:013
42.10507,-87.84013,31.5,270.0,2019-02-26 07:44:09:512
42.10507,-87.84013,31.5,270.0,2019-02-26 07:44:10:012
42.10507,-87.84013,24.2,269.2,2019-02-26 07:44:10:512
42.10507,-87.84013,24.2,269.2,2019-02-26 07:44:11:012
42.10507,-87.84013,13.6,269.7,2019-02-26 07:44:11:512
42.10507,-87.84013,13.6,269.7,2019-02-26 07:44:12:013
42.10507,-87.84013,8.7,270.1,2019-02-26 07:44:12:513
42.10507,-87.84013,8.7,270.1,2019-02-26 07:44:13:012
42.10507,-87.84013,12.0,270.1,2019-02-26 07:44:13:513
42.10507,-87.84013,12.0,270.1,2019-02-26 07:44:14:012
42.10507,-87.84013,18.3,270.6,2019-02-26 07:44:14:513
42.10507,-87.84013,18.3,270.6,2019-02-26 07:44:15:012
42.10507,-87.84013,24.0,270.6,2019-02-26 07:44:15:513
42.10507,-87.84013,24.0,270.6,2019-02-26 07:44:16:012
42.10507,-87.84013,28.5,270.3,2019-02-26 07:44:16:513
42.10507,-87.84013,28.5,270.3,2019-02-26 07:44:17:012
42.10507,-87.84013,30.1,267.9,2019-02-26 07:44:17:512
42.10507,-87.84013,30.1,267.9,2019-02-26 07:44:18:013
42.10507,-87.84013,30.1,262.7,2019-02-26 07:44:18:513
42.10507,-87.84013,30.1,262.7,2019-02-26 07:44:19:013
42.10507,-87.84013,32.1,257.6,2019-02-26 07:44:19:513
42.10507,-87.84013,32.1,257.6,2019-02-26 07:44:20:012
42.10507,-87.84013,34.0,249.9,2019-02-26 07:44:20:513
42.10507,-87.84013,34.0,249.9,2019-02-26 07:44:21:012
42.10507,-87.84013,33.7,241.6,2019-02-26 07:44:21:512
42.10507,-87.84013,33.7,241.6,2019-02-26 07:44:22:012
42.10507,-87.84013,34.7,233.3,2019-02-26 07:44:22:513
42.10507,-87.84013,34.7,233.3,2019-02-26 07:44:23:012
42.10507,-87.84013,35.6,226.1,2019-02-26 07:44:23:513
42.10507,-87.84013,35.6,226.1,2019-02-26 07:44:24:012
42.10507,-87.84013,35.1,220.1,2019-02-26 07:44:24:513
42.10507,-87.84013,35.1,220.1,2019-02-26 07:44:25:012
42.10507,-87.84013,35.0,214.5,2019-02-26 07:44:25:513
42.10507,-87.84013,35.0,214.5,2019-02-26 07:44:26:013
42.10507,-87.84013,34.1,211.9,2019-02-26 07:44:26:513
42.10507,-87.84013,34.1,211.9,2019-02-26 07:44:27:013
42.10507,-87.84013,33.1,215.0,2019-02-26 07:44:27:513
42.10507,-87.84013,33.1,215.0,2019-02-26 07:44:28:012
42.10507,-87.84013,33.5,218.4,2019-02-26 07:44:28:513
42.10507,-87.84013,33.5,218.4,2019-02-26 07:44:29:012
42.10507,-87.84013,34.1,224.6,2019-02-26 07:44:29:513
42.10507,-87.84013,34.1,224.6,2019-02-26 07:44:30:012
42.10507,-87.84013,34.3,231.6,2019-02-26 07:44:30:513
42.10507,-87.84013,34.3,231.6,2019-02-26 07:44:31:012
42.10507,-87.84013,34.7,233.5,2019-02-26 07:44:31:513
42.10507,-87.84013,34.7,233.5,2019-02-26 07:44:32:013
42.10507,-87.84013,35.5,245.1,2019-02-26 07:44:32:513
42.10507,-87.84013,35.5,245.1,2019-02-26 07:44:33:012
42.10507,-87.84013,35.1,254.4,2019-02-26 07:44:33:512
42.10507,-87.84013,35.1,254.4,2019-02-26 07:44:34:013
42.10507,-87.84013,36.3,261.6,2019-02-26 07:44:34:512
42.10507,-87.84013,36.3,261.6,2019-02-26 07:44:35:013
42.10507,-87.84013,38.6,267.2,2019-02-26 07:44:35:513
42.10507,-87.84013,38.6,267.2,2019-02-26 07:44:36:013
42.10507,-87.84013,40.5,270.0,2019-02-26 07:44:36:513
42.10507,-87.84013,40.5,270.0,2019-02-26 07:44:37:013
42.10507,-87.84013,42.7,270.2,2019-02-26 07:44:37:513
42.10507,-87.84013,42.7,270.2,2019-02-26 07:44:38:012
42.10507,-87.84013,44.0,270.2,2019-02-26 07:44:38:513
42.10507,-87.84013,44.0,270.2,2019-02-26 07:44:39:013
42.10507,-87.84013,45.5,270.2,2019-02-26 07:44:39:513
42.10507,-87.84013,45.5,270.2,2019-02-26 07:44:40:013
42.10507,-87.84013,46.9,270.5,2019-02-26 07:44:40:512
42.10507,-87.84013,46.9,270.5,2019-02-26 07:44:41:013
42.10507,-87.84013,48.3,270.6,2019-02-26 07:44:41:513
42.10507,-87.84013,48.3,270.6,2019-02-26 07:44:42:012
42.10507,-87.84013,49.2,270.6,2019-02-26 07:44:42:512
42.10507,-87.84013,49.2,270.6,2019-02-26 07:44:43:013
42.10507,-87.84013,50.2,270.7,2019-02-26 07:44:43:513
42.10507,-87.84013,50.2,270.7,2019-02-26 07:44:44:014
42.10507,-87.84013,51.7,270.5,2019-02-26 07:44:44:512
42.10507,-87.84013,51.7,270.5,2019-02-26 07:44:45:013
42.10507,-87.84013,53.1,270.5,2019-02-26 07:44:45:513
42.10507,-87.84013,53.1,270.5,2019-02-26 07:44:46:012
42.10507,-87.84013,54.0,270.4,2019-02-26 07:44:46:513
42.10507,-87.84013,54.0,270.4,2019-02-26 07:44:47:013
42.10507,-87.84013,53.9,270.3,2019-02-26 07:44:47:513
42.10507,-87.84013,53.9,270.3,2019-02-26 07:44:48:012
42.10507,-87.84013,52.1,270.2,2019-02-26 07:44:48:513
42.10507,-87.84013,52.1,270.2,2019-02-26 07:44:49:012
42.10507,-87.84013,50.3,270.1,2019-02-26 07:44:49:512
42.10507,-87.84013,50.3,270.1,2019-02-26 07:44:50:013
42.10507,-87.84013,48.6,270.6,2019-02-26 07:44:50:512
42.10507,-87.84013,48.6,270.6,2019-02-26 07:44:51:013
42.10507,-87.84013,48.1,270.5,2019-02-26 07:44:51:512
42.10507,-87.84013,48.1,270.5,2019-02-26 07:44:52:012
42.10507,-87.84013,48.2,269.8,2019-02-26 07:44:52:514
42.10507,-87.84013,48.2,269.8,2019-02-26 07:44:53:013
42.10507,-87.84013,47.8,270.8,2019-02-26 07:44:53:513
42.10507,-87.84013,47.8,270.8,2019-02-26 07:44:54:012
42.10507,-87.84013,47.2,275.0,2019-02-26 07:44:54:513
42.10507,-87.84013,47.2,275.0,2019-02-26 07:44:55:012
42.10507,-87.84013,46.3,281.6,2019-02-26 07:44:55:512
42.10507,-87.84013,46.3,281.6,2019-02-26 07:44:56:013
42.10507,-87.84013,45.8,290.3,2019-02-26 07:44:56:512
42.10507,-87.84013,45.8,290.3,2019-02-26 07:44:57:013
42.10507,-87.84013,44.4,296.7,2019-02-26 07:44:57:512
42.10507,-87.84013,44.4,296.7,2019-02-26 07:44:58:012
42.10507,-87.84013,42.7,298.1,2019-02-26 07:44:58:513
42.10507,-87.84013,42.7,298.1,2019-02-26 07:44:59:013
42.10507,-87.84013,41.0,292.6,2019-02-26 07:44:59:513
42.10507,-87.84013,41.0,292.6,2019-02-26 07:45:00:013
42.10507,-87.84013,39.9,286.7,2019-02-26 07:45:00:514
42.10507,-87.84013,39.9,286.7,2019-02-26 07:45:01:012
42.10507,-87.84013,40.8,283.7,2019-02-26 07:45:01:513
42.10507,-87.84013,40.8,283.7,2019-02-26 07:45:02:013
42.10507,-87.84013,40.8,283.7,2019-02-26 07:45:02:514
42.10507,-87.84013,41.7,274.1,2019-02-26 07:45:03:016
42.10507,-87.84013,42.6,272.5,2019-02-26 07:45:03:513
42.10507,-87.84013,42.6,272.5,2019-02-26 07:45:04:012
42.10507,-87.84013,43.5,270.4,2019-02-26 07:45:04:513
42.10507,-87.84013,43.5,270.4,2019-02-26 07:45:05:013
42.10507,-87.84013,41.8,270.3,2019-02-26 07:45:05:512
42.10507,-87.84013,41.8,270.3,2019-02-26 07:45:06:013
42.10507,-87.84013,38.4,269.6,2019-02-26 07:45:06:512
42.10507,-87.84013,38.4,269.6,2019-02-26 07:45:07:012
42.10507,-87.84013,34.0,272.0,2019-02-26 07:45:07:513
42.10507,-87.84013,34.0,272.0,2019-02-26 07:45:08:012
42.10507,-87.84013,30.2,270.6,2019-02-26 07:45:08:513
42.10507,-87.84013,30.2,270.6,2019-02-26 07:45:09:013
42.10507,-87.84013,21.1,272.8,2019-02-26 07:45:09:513
42.10507,-87.84013,21.1,272.8,2019-02-26 07:45:10:013
42.10507,-87.84013,13.9,268.0,2019-02-26 07:45:10:513
42.10507,-87.84013,13.9,268.0,2019-02-26 07:45:11:013
42.10507,-87.84013,8.3,269.7,2019-02-26 07:45:11:512
42.10507,-87.84013,8.3,269.7,2019-02-26 07:45:12:013
42.10507,-87.84013,6.4,269.6,2019-02-26 07:45:12:512
42.10507,-87.84013,6.4,269.6,2019-02-26 07:45:13:013
42.10507,-87.84013,10.2,241.3,2019-02-26 07:45:13:513
42.10507,-87.84013,10.2,241.3,2019-02-26 07:45:14:012
42.10507,-87.84013,13.9,223.7,2019-02-26 07:45:14:512
42.10507,-87.84013,13.9,223.7,2019-02-26 07:45:15:012
42.10507,-87.84013,18.8,203.5,2019-02-26 07:45:15:513
42.10507,-87.84013,18.8,203.5,2019-02-26 07:45:16:012
42.10507,-87.84013,25.5,194.4,2019-02-26 07:45:16:513
42.10507,-87.84013,25.5,194.4,2019-02-26 07:45:17:012
42.10507,-87.84013,29.7,191.2,2019-02-26 07:45:17:512
42.10507,-87.84013,29.7,191.2,2019-02-26 07:45:18:012
42.10507,-87.84013,32.4,190.7,2019-02-26 07:45:18:512
42.10507,-87.84013,32.4,190.7,2019-02-26 07:45:19:013
42.10507,-87.84013,35.4,190.4,2019-02-26 07:45:19:512
42.10507,-87.84013,35.4,190.4,2019-02-26 07:45:20:012
42.10507,-87.84013,36.0,190.1,2019-02-26 07:45:20:513
42.10507,-87.84013,36.0,190.1,2019-02-26 07:45:21:012
42.10507,-87.84013,38.3,186.1,2019-02-26 07:45:21:513
42.10507,-87.84013,38.3,186.1,2019-02-26 07:45:22:013
42.10507,-87.84013,39.0,183.6,2019-02-26 07:45:22:513
42.10507,-87.84013,39.0,183.6,2019-02-26 07:45:23:012
42.10507,-87.84013,39.3,183.1,2019-02-26 07:45:23:512
42.10507,-87.84013,39.3,183.1,2019-02-26 07:45:24:012
42.10507,-87.84013,40.1,182.1,2019-02-26 07:45:24:513
42.10507,-87.84013,40.1,182.1,2019-02-26 07:45:25:012
42.10507,-87.84013,41.0,181.3,2019-02-26 07:45:25:512
42.10507,-87.84013,41.0,181.3,2019-02-26 07:45:26:013
42.10507,-87.84013,39.8,180.6,2019-02-26 07:45:26:512
42.10507,-87.84013,39.8,180.6,2019-02-26 07:45:27:012
42.10507,-87.84013,38.4,177.4,2019-02-26 07:45:27:513
42.10507,-87.84013,38.4,177.4,2019-02-26 07:45:28:012
42.10507,-87.84013,35.3,168.2,2019-02-26 07:45:28:513
42.10507,-87.84013,35.3,168.2,2019-02-26 07:45:29:013
42.10507,-87.84013,32.2,152.3,2019-02-26 07:45:29:512
42.10507,-87.84013,32.2,152.3,2019-02-26 07:45:30:013
42.10507,-87.84013,31.5,145.8,2019-02-26 07:45:30:513
42.10507,-87.84013,31.5,145.8,2019-02-26 07:45:31:013
42.10507,-87.84013,30.7,118.4,2019-02-26 07:45:31:512
42.10507,-87.84013,30.7,118.4,2019-02-26 07:45:32:013
42.10507,-87.84013,31.6,102.1,2019-02-26 07:45:32:513
42.10507,-87.84013,31.6,102.1,2019-02-26 07:45:33:013
42.10507,-87.84013,34.3,91.8,2019-02-26 07:45:33:513
42.10507,-87.84013,34.3,91.8,2019-02-26 07:45:34:013
42.10507,-87.84013,37.4,89.9,2019-02-26 07:45:34:512
42.10507,-87.84013,37.4,89.9,2019-02-26 07:45:35:013
42.10507,-87.84013,40.1,90.7,2019-02-26 07:45:35:513
42.10507,-87.84013,40.1,90.7,2019-02-26 07:45:36:013
42.10507,-87.84013,42.1,91.0,2019-02-26 07:45:36:513
42.10507,-87.84013,42.1,91.0,2019-02-26 07:45:37:013
42.10507,-87.84013,43.3,92.6,2019-02-26 07:45:37:513
42.10507,-87.84013,43.3,92.6,2019-02-26 07:45:38:013
42.10507,-87.84013,45.4,94.7,2019-02-26 07:45:38:512
42.10507,-87.84013,45.4,94.7,2019-02-26 07:45:39:012
42.10507,-87.84013,47.2,97.6,2019-02-26 07:45:39:513
42.10507,-87.84013,47.2,97.6,2019-02-26 07:45:40:012
42.10507,-87.84013,48.6,99.8,2019-02-26 07:45:40:513
42.10507,-87.84013,48.6,99.8,2019-02-26 07:45:41:012
42.10507,-87.84013,49.0,102.6,2019-02-26 07:45:41:512
42.10507,-87.84013,49.0,102.6,2019-02-26 07:45:42:013
42.10507,-87.84013,48.5,104.0,2019-02-26 07:45:42:512
42.10507,-87.84013,48.5,104.0,2019-02-26 07:45:43:013
42.10507,-87.84013,47.6,106.4,2019-02-26 07:45:43:512
42.10507,-87.84013,47.6,106.4,2019-02-26 07:45:44:012
42.10507,-87.84013,46.7,109.6,2019-02-26 07:45:44:512
42.10507,-87.84013,46.7,109.6,2019-02-26 07:45:45:012
42.10507,-87.84013,48.1,114.2,2019-02-26 07:45:45:512
42.10507,-87.84013,48.1,114.2,2019-02-26 07:45:46:013
42.10507,-87.84013,44.7,116.7,2019-02-26 07:45:46:513
42.10507,-87.84013,44.7,116.7,2019-02-26 07:45:47:012
42.10507,-87.84013,43.0,120.6,2019-02-26 07:45:47:513
42.10507,-87.84013,43.0,120.6,2019-02-26 07:45:48:012
42.10507,-87.84013,41.8,124.2,2019-02-26 07:45:48:512
42.10507,-87.84013,41.8,124.2,2019-02-26 07:45:49:012
42.10507,-87.84013,41.1,125.6,2019-02-26 07:45:49:512
42.10507,-87.84013,41.1,125.6,2019-02-26 07:45:50:014
42.10507,-87.84013,40.1,133.3,2019-02-26 07:45:50:512
42.10507,-87.84013,40.1,133.3,2019-02-26 07:45:51:012
42.10507,-87.84013,39.1,141.3,2019-02-26 07:45:51:513
42.10507,-87.84013,39.1,141.3,2019-02-26 07:45:52:013
42.10507,-87.84013,36.4,154.3,2019-02-26 07:45:52:512
42.10507,-87.84013,36.4,154.3,2019-02-26 07:45:53:013
42.10507,-87.84013,35.9,165.1,2019-02-26 07:45:53:513
42.10507,-87.84013,35.9,165.1,2019-02-26 07:45:54:013
42.10507,-87.84013,35.3,174.5,2019-02-26 07:45:54:512
42.10507,-87.84013,35.3,174.5,2019-02-26 07:45:55:013
42.10507,-87.84013,35.6,184.7,2019-02-26 07:45:55:513
42.10507,-87.84013,35.6,184.7,2019-02-26 07:45:56:013
42.10507,-87.84013,34.9,195.3,2019-02-26 07:45:56:513
42.10507,-87.84013,34.9,195.3,2019-02-26 07:45:57:013
42.10507,-87.84013,34.1,203.3,2019-02-26 07:45:57:512
42.10507,-87.84013,34.1,203.3,2019-02-26 07:45:58:012
42.10507,-87.84013,35.7,207.8,2019-02-26 07:45:58:512
42.10507,-87.84013,35.7,207.8,2019-02-26 07:45:59:012
42.10507,-87.84013,33.0,218.2,2019-02-26 07:45:59:512
42.10507,-87.84013,33.0,218.2,2019-02-26 07:46:00:012
42.10507,-87.84013,33.4,226.3,2019-02-26 07:46:00:512
42.10507,-87.84013,33.4,226.3,2019-02-26 07:46:01:013
42.10507,-87.84013,33.3,235.1,2019-02-26 07:46:01:513
42.10507,-87.84013,33.3,235.1,2019-02-26 07:46:02:013
42.10507,-87.84013,34.4,243.2,2019-02-26 07:46:02:513
42.10507,-87.84013,34.4,243.2,2019-02-26 07:46:03:013
42.10507,-87.84013,33.8,249.3,2019-02-26 07:46:03:512
42.10507,-87.84013,33.8,249.3,2019-02-26 07:46:04:013
42.10507,-87.84013,35.1,254.6,2019-02-26 07:46:04:512
42.10507,-87.84013,35.1,254.6,2019-02-26 07:46:05:013
42.10507,-87.84013,36.6,255.3,2019-02-26 07:46:05:513
42.10507,-87.84013,36.6,255.3,2019-02-26 07:46:06:013
42.10507,-87.84013,37.2,254.8,2019-02-26 07:46:06:512
42.10507,-87.84013,37.2,254.8,2019-02-26 07:46:07:012
42.10507,-87.84013,36.4,252.5,2019-02-26 07:46:07:512
42.10507,-87.84013,36.4,252.5,2019-02-26 07:46:08:012
42.10507,-87.84013,35.0,249.8,2019-02-26 07:46:08:512
42.10507,-87.84013,35.0,249.8,2019-02-26 07:46:09:012
42.10507,-87.84013,33.4,245.1,2019-02-26 07:46:09:512
42.10507,-87.84013,33.4,245.1,2019-02-26 07:46:10:013
42.10507,-87.84013,33.6,240.7,2019-02-26 07:46:10:512
42.10507,-87.84013,33.6,240.7,2019-02-26 07:46:11:013
42.10507,-87.84013,32.0,229.9,2019-02-26 07:46:11:513
42.10507,-87.84013,32.0,229.9,2019-02-26 07:46:12:013
42.10507,-87.84013,33.3,229.8,2019-02-26 07:46:12:513
42.10507,-87.84013,33.3,229.8,2019-02-26 07:46:13:012
42.10507,-87.84013,32.1,214.6,2019-02-26 07:46:13:513
42.10507,-87.84013,32.1,214.6,2019-02-26 07:46:14:013
42.10507,-87.84013,31.5,204.8,2019-02-26 07:46:14:512
42.10507,-87.84013,31.5,204.8,2019-02-26 07:46:15:012
42.10507,-87.84013,32.0,196.9,2019-02-26 07:46:15:513
42.10507,-87.84013,32.0,196.9,2019-02-26 07:46:16:013
42.10507,-87.84013,31.8,192.8,2019-02-26 07:46:16:512
42.10507,-87.84013,31.8,192.8,2019-02-26 07:46:17:013
42.10507,-87.84013,30.5,187.1,2019-02-26 07:46:17:512
42.10507,-87.84013,30.5,187.1,2019-02-26 07:46:18:013
42.10507,-87.84013,26.8,185.6,2019-02-26 07:46:18:512
42.10507,-87.84013,26.8,185.6,2019-02-26 07:46:19:013
42.10507,-87.84013,23.2,182.7,2019-02-26 07:46:19:513
42.10507,-87.84013,23.2,182.7,2019-02-26 07:46:20:013
42.10507,-87.84013,17.8,181.2,2019-02-26 07:46:20:512
42.10507,-87.84013,17.8,181.2,2019-02-26 07:46:21:013
42.10507,-87.84013,12.5,185.6,2019-02-26 07:46:21:513
42.10507,-87.84013,12.5,185.6,2019-02-26 07:46:22:013
42.10507,-87.84013,12.5,185.6,2019-02-26 07:46:22:513
42.10507,-87.84013,12.5,185.6,2019-02-26 07:46:23:013
42.10507,-87.84013,1.2,182.1,2019-02-26 07:46:23:512
42.10507,-87.84013,1.2,182.1,2019-02-26 07:46:24:012
42.10507,-87.84013,0.0,,2019-02-26 07:46:24:513
42.10507,-87.84013,0.0,,2019-02-26 07:46:25:014
42.10507,-87.84013,0.0,,2019-02-26 07:46:25:512
42.10507,-87.84013,0.0,,2019-02-26 07:46:26:013
42.10507,-87.84013,0.0,,2019-02-26 07:46:26:512